{"epsilon": 0.9275689688183278, "qtable": {"(0, 0, 0, 0, 0, 0, 0, 0)": [-2.06945250545, -7.282102311187245, -3.1363195264245123, -3.560061921178134], "(1, 0, 0, 0, 0, 0, 0, 0)": [-0.5, 0.0, 0.0, 0.0], "(0, 0, 0, 1, 0, 0, 0, 0)": [-1.6905000000000001, 0.0, 0.0, 0.0], "(0, 0, 1, 1, 0, 0, 0, 0)": [-4.256546, -0.7005187, -8.5413411925419, -1.2000000000000002], "(0, 0, 1, 1, 0, 1, 0, 0)": [-6.0394285000000005, 0.0, 0.0, -4.5478000000000005], "(0, 0, 1, 1, 1, 1, 0, 0)": [0.0, 0.0, 0.0, 0.0], "(0, 1, 0, 0, 0, 0, 0, 0)": [0.0, 0.0, -1.71, 0.0], "(1, 1, 0, 0, 0, 0, 0, 0)": [0.0, 0.0, -3.61095, 0.0], "(1, 1, 1, 0, 0, 0, 0, 0)": [0.0, 0.0, -3.88485, -4.037470000000001], "(1, 1, 1, 1, 0, 0, 0, 0)": [0.0, 0.0, -5.149150000000001, -7.159595000000001], "(1, 1, 2, 1, 0, 0, 0, 0)": [0.0, 0.0, 0.0, -6.578], "(2, 1, 2, 1, 0, 0, 0, 0)": [-0.9500000000000001, 0.0, 0.0, 0.0], "(1, 0, 2, 1, 0, 0, 0, 0)": [-1.4500000000000002, 0.0, 0.0, 0.0], "(0, 0, 2, 1, 0, 0, 0, 0)": [-9.358044175, 0.0, 0.0, 0.0], "(0, 0, 2, 1, 0, 0, 1, 0)": [0.0, -0.5, 0.0, 0.0], "(0, 0, 1, 0, 0, 1, 1, 0)": [0.0, -0.7000000000000001, 0.0, 0.0], "(0, 0, 0, 0, 0, 1, 1, 0)": [0.0, -7.6021447126921995, 0.0, 0.0], "(0, 0, 0, 0, 0, 1, 1, 1)": [0.0, -9.6626115180017, -0.65, 0.0], "(0, 0, 0, 0, 0, 0, 1, 1)": [0.0, 0.0, -2.66, 0.0], "(1, 0, 0, 0, 0, 0, 1, 1)": [0.0, -1.25, -2.85, 0.0], "(1, 1, 0, 0, 0, 0, 1, 1)": [0.0, -14.477377374787107, -10.76738457436425, 0.0], "(1, 1, 0, 0, 0, 0, 2, 1)": [0.0, -3.4050000000000002, -10.301565100000001, -1.05], "(1, 1, 0, 0, 0, 0, 1, 0)": [0.0, 0.0, 0.0, -1.1500000000000001], "(2, 1, 0, 0, 0, 0, 0, 0)": [0.0, 0.0, -1.75, -16.385411960310982], "(2, 1, 0, 1, 0, 0, 0, 0)": [0.0, 0.0, -14.621687799115001, 0.0], "(2, 1, 1, 1, 0, 0, 0, 0)": [0.0, 0.0, -7.7997000000000005, 0.0], "(2, 1, 1, 1, 0, 0, 1, 0)": [0.0, 0.0, -2.5500000000000003, 0.0], "(2, 2, 1, 1, 0, 0, 1, 0)": [0.0, 0.0, -8.95945, 0.0], "(3, 2, 1, 1, 0, 0, 1, 0)": [0.0, 0.0, 0.0, -1.7000000000000002], "(3, 2, 1, 1, 0, 0, 0, 0)": [0.0, 0.0, 0.0, -13.448427500000001], "(3, 2, 2, 1, 0, 0, 0, 0)": [-2.6500000000000004, 0.0, -26.125032056119736, 0.0], "(3, 0, 2, 1, 0, 0, 0, 0)": [-2.2, 0.0, 0.0, 0.0], "(2, 0, 2, 1, 0, 0, 0, 0)": [-1.55, 0.0, 0.0, 0.0], "(1, 0, 3, 1, 0, 0, 0, 0)": [-7.3218, 0.0, 0.0, 0.0], "(0, 0, 3, 1, 0, 0, 0, 0)": [-15.131653828800001, 0.0, 0.0, 0.0], "(0, 0, 3, 1, 0, 0, 1, 0)": [0.0, 0.0, 0.0, -2.3000000000000003], "(0, 0, 3, 2, 0, 0, 1, 0)": [0.0, 0.0, 0.0, -4.45], "(0, 0, 3, 2, 0, 0, 0, 0)": [0.0, 0.0, 0.0, -2.4000000000000004], "(1, 0, 3, 2, 0, 0, 0, 0)": [0.0, 0.0, -11.19647, -17.830525140150897], "(2, 0, 3, 2, 0, 0, 0, 0)": [0.0, -1.8, 0.0, 0.0], "(2, 0, 2, 0, 0, 0, 0, 0)": [0.0, -2.915, 0.0, -10.83726], "(2, 0, 1, 0, 0, 0, 0, 0)": [0.0, -0.65, 0.0, -4.75], "(2, 0, 0, 0, 0, 0, 0, 0)": [0.0, -13.353463070883599, 0.0, 0.0], "(2, 0, 0, 0, 0, 0, 1, 0)": [0.0, 0.0, 0.0, -1.85], "(2, 1, 0, 0, 0, 0, 1, 0)": [0.0, -2.6, 0.0, -1.85], "(3, 1, 0, 0, 0, 0, 0, 0)": [0.0, -20.86884478625791, 0.0, -7.8877500000000005], "(3, 1, 0, 0, 1, 0, 0, 0)": [-1.9500000000000002, -8.13, 0.0, 0.0], "(2, 0, 0, 0, 1, 1, 0, 0)": [-9.682305, 0.0, 0.0, 0.0], "(2, 0, 0, 0, 1, 1, 1, 0)": [-7.399500000000001, 0.0, 0.0, 0.0], "(1, 0, 0, 0, 1, 1, 1, 0)": [-3.8150000000000004, 0.0, 0.0, 0.0], "(0, 0, 0, 0, 1, 1, 1, 0)": [-4.382000000000001, 0.0, 0.0, 0.0], "(0, 0, 1, 0, 1, 1, 1, 0)": [-1.8, 0.0, 0.0, -1.3], "(0, 0, 1, 0, 1, 1, 0, 0)": [0.0, -4.05865, 0.0, -5.664200000000001], "(0, 0, 1, 0, 2, 1, 0, 0)": [0.0, -1.2000000000000002, 0.0, 0.0], "(0, 0, 0, 0, 2, 1, 0, 0)": [-10.291199, -11.846867943467, 0.0, 0.0], "(1, 0, 0, 0, 2, 1, 0, 0)": [-5.511500000000001, -3.515, 0.0, 0.0], "(0, 0, 0, 0, 3, 1, 0, 0)": [-4.655, 0.0, 0.0, 0.0], "(0, 0, 1, 0, 3, 1, 0, 0)": [-8.740450000000001, 0.0, -1.7000000000000002, 0.0], "(0, 0, 1, 0, 2, 0, 0, 0)": [0.0, 0.0, -1.4000000000000001, 0.0], "(0, 0, 1, 0, 1, 0, 1, 0)": [0.0, 0.0, -1.9650000000000003, 0.0], "(0, 0, 1, 0, 0, 0, 1, 0)": [-1.75, 0.0, -9.825059069649999, 0.0], "(0, 0, 1, 0, 0, 0, 1, 1)": [-10.391066350000001, 0.0, 0.0, 0.0], "(1, 0, 1, 0, 0, 0, 1, 1)": [-4.085, -5.961, 0.0, 0.0], "(1, 0, 2, 0, 0, 0, 1, 1)": [-12.705021300000002, -2.1, 0.0, 0.0], "(1, 0, 1, 0, 0, 0, 2, 1)": [0.0, -1.85, 0.0, 0.0], "(1, 0, 0, 0, 0, 0, 2, 1)": [0.0, -7.005050000000001, 0.0, 0.0], "(2, 0, 0, 0, 0, 0, 2, 1)": [0.0, -13.788326275, -8.196550000000002, 0.0], "(2, 0, 1, 0, 0, 0, 2, 1)": [0.0, 0.0, -21.373390437294603, -2.35], "(2, 0, 1, 0, 0, 0, 1, 0)": [0.0, 0.0, 0.0, -3.965], "(2, 0, 2, 0, 0, 0, 1, 0)": [0.0, -2.4000000000000004, 0.0, -14.651886800000002], "(2, 1, 1, 0, 0, 0, 1, 0)": [0.0, -17.9137129524, 0.0, 0.0], "(3, 1, 0, 0, 0, 0, 1, 0)": [0.0, 0.0, 0.0, 0.0], "(0, 0, 1, 0, 0, 0, 0, 0)": [0.0, 0.0, -3.68258, -4.793755], "(1, 0, 0, 0, 1, 0, 1, 0)": [0.0, 0.0, 0.0, 0.0], "(0, 0, 2, 1, 0, 1, 0, 0)": [-4.0360000000000005, 0.0, 0.0, -2.56], "(0, 0, 2, 1, 1, 1, 0, 0)": [-10.703988445, -1.0, 0.0, -4.336], "(0, 0, 0, 0, 1, 1, 0, 0)": [-1.35, -5.41683814, 0.0, 0.0], "(0, 0, 0, 0, 1, 2, 0, 0)": [-2.5650000000000004, 0.0, 0.0, 0.0], "(0, 0, 0, 0, 2, 2, 0, 0)": [-14.70974142064885, 0.0, 0.0, -7.439730350000001], "(0, 0, 1, 0, 2, 2, 0, 0)": [-5.0935, 0.0, -0.65, 0.0], "(0, 0, 1, 1, 1, 0, 0, 0)": [0.0, 0.0, -2.7910000000000004, 0.0], "(1, 0, 0, 0, 0, 0, 0, 1)": [0.0, -3.2520000000000002, 0.0, 0.0], "(1, 0, 0, 0, 1, 0, 0, 1)": [0.0, -1.3, 0.0, 0.0], "(1, 0, 0, 0, 1, 0, 1, 1)": [-7.245790000000001, 0.0, -1.1, 0.0], "(2, 1, 0, 0, 0, 0, 1, 1)": [0.0, -18.174872059488546, 0.0, 0.0], "(2, 1, 0, 0, 1, 0, 1, 1)": [-1.55, 0.0, 0.0, 0.0], "(0, 0, 0, 0, 1, 0, 1, 1)": [-6.3802, 0.0, 0.0, 0.0], "(0, 0, 0, 0, 1, 0, 2, 1)": [-10.858021550000002, -2.35, 0.0, 0.0], "(0, 0, 0, 0, 1, 1, 2, 2)": [0.0, -18.497022994282162, 0.0, 0.0], "(0, 0, 0, 0, 1, 1, 3, 2)": [0.0, -2.35, -2.0500000000000003, 0.0], "(0, 0, 0, 0, 1, 0, 3, 2)": [0.0, 0.0, -1.85, 0.0], "(0, 0, 0, 0, 0, 0, 3, 2)": [-8.0957, 0.0, -5.410500000000001, 0.0], "(0, 0, 1, 0, 0, 0, 3, 2)": [-16.70875132745, -2.25, -16.82509724, 0.0], "(0, 0, 2, 0, 0, 0, 3, 2)": [0.0, -2.25, -2.85, 0.0], "(0, 0, 0, 0, 0, 0, 4, 2)": [0.0, -25.628389202519898, 0.0, 0.0], "(1, 0, 0, 0, 0, 0, 4, 2)": [0.0, -6.555000000000001, 0.0, 0.0], "(1, 0, 0, 0, 0, 0, 5, 2)": [-2.8000000000000003, 0.0, 0.0, 0.0], "(0, 0, 0, 0, 0, 0, 5, 2)": [-3.4000000000000004, 0.0, 0.0, 0.0], "(0, 0, 0, 0, 1, 0, 5, 2)": [-24.090112781500004, -4.800000000000001, 0.0, 0.0], "(0, 0, 0, 0, 1, 1, 5, 3)": [0.0, -17.213050000000003, 0.0, 0.0], "(0, 0, 0, 0, 2, 1, 5, 3)": [-51.38580393631169, -40.46998672985001, 0.0, 0.0], "(0, 0, 0, 0, 3, 1, 5, 3)": [0.0, -41.3088518, -8.05, 0.0], "(0, 0, 0, 0, 2, 0, 5, 3)": [0.0, 0.0, -14.795000000000002, 0.0], "(0, 0, 0, 0, 1, 0, 5, 3)": [0.0, -105.83401493304451, -32.425675, 0.0], "(0, 0, 0, 0, 0, 0, 5, 3)": [-37.08119, -19.105, -49.196652624500004, 0.0], "(1, 0, 0, 0, 1, 0, 5, 3)": [0.0, -69.724022485, -108.27776192413752, 0.0], "(2, 0, 0, 0, 1, 0, 5, 3)": [0.0, 0.0, -13.3, 0.0], "(2, 0, 0, 0, 0, 0, 5, 3)": [0.0, 0.0, 0.0, -6.050000000000001], "(2, 1, 0, 0, 1, 0, 5, 0)": [0.0, 0.0, 0.0, -10.785], "(2, 1, 1, 0, 1, 0, 5, 0)": [0.0, 0.0, 0.0, -15.395700000000003], "(2, 1, 1, 0, 1, 0, 4, 0)": [0.0, 0.0, 0.0, -6.105], "(2, 1, 1, 0, 1, 0, 3, 0)": [0.0, 0.0, 0.0, -2.35], "(2, 1, 1, 0, 1, 0, 2, 0)": [0.0, 0.0, 0.0, -2.35], "(2, 1, 1, 0, 1, 0, 1, 0)": [0.0, 0.0, 0.0, -3.8850000000000002], "(2, 1, 1, 0, 1, 0, 0, 0)": [0.0, 0.0, 0.0, -8.2453], "(3, 1, 1, 0, 1, 0, 0, 0)": [-1.75, 0.0, 0.0, 0.0], "(2, 0, 1, 0, 1, 0, 0, 0)": [-1.75, 0.0, 0.0, 0.0], "(1, 0, 1, 0, 1, 0, 0, 0)": [-10.37726945, 0.0, 0.0, 0.0]}}